x,v2,effectivemortgagerateuk,nominalhousepricescot,realhousepricescot,housingstockcompletionsscot,overallresidentialloanstoindivid,valueofresidentialpropertysaless,impliedgdpdeflator,gdhi,dwellings,ltv,q1,q2,q3,dfc,dlbtt,i2,credrat,capgain,realdi,trend,date,l_EMR,l_NomHP,l_RealHP,l_HouseStock,l_TotLoanVal,l_HouseVal,l_Dwellings,l_CredRat,l_CapGain,l_RealDI,l_ltv,l_GDHI,l_capgain,l_i2,dl_EMR,dl_NomHP,dl_RealHP,dl_HouseStock,dl_TotLoanVal,dl_HouseVal,dl_Dwellings,dl_CredRat,dl_CapGain,dl_RealDI,dl_ltv,dl_GDHI,dl_i2,l_TotLoanVal_sa,dl_TotLoanVal_sa
1998,1,0.0717333,46390.52,68566.6,0.0006483,427958,6.47E+07,67.6576,12868.74,0.0006483,0.0066164,1,0,0,0,0,0.0964962,33.38926,0.0435102,19020.4,1,1998q1,-2.6348,10.74485,11.13556,-7.341229,12.96678,17.98499,-7.341229,3.508235,-3.134761,9.853267,-5.018209,9.462557,-3.134761,-2.338252,,,,,,,,,,,,,,12.96217,
1998,2,0.068,48094.83,71040.79,0.000649,434253,6.72E+07,67.7003,12891.85,0.000649,0.0064652,0,1,0,0,0,0.0922659,33.09843,0.0765044,19042.53,2,1998q2,-2.688247,10.78093,11.17101,-7.340063,12.98138,18.02271,-7.340063,3.499486,-2.570407,9.85443,-5.041324,9.464351,-2.570407,-2.383081,-0.0534477,0.0360794,0.0354481,0.0011668,0.0146017,0.0377178,0.0011668,-0.0087485,0.5643535,0.0011635,-0.0231147,0.0017939,-0.0448294,12.99636,0.0341892
1998,3,0.0697,50464.24,74376.07,0.0006505,441672,7.07E+07,67.8501,12914.95,0.0006505,0.0062465,0,0,1,0,0,0.0933459,32.62423,0.0454866,19034.54,3,1998q3,-2.663555,10.82902,11.21689,-7.337734,12.99832,18.07406,-7.337734,3.485055,-3.090337,9.854011,-5.07574,9.466141,-3.090337,-2.371444,0.0246925,0.0480909,0.0458803,0.0023289,0.0169401,0.0513573,0.0023289,-0.0144308,-0.5199294,-0.0004196,-0.0344167,0.00179,0.0116377,13.00524,0.0088806
1998,4,0.0651,48510.52,70208.43,0.0006528,448576,6.83E+07,69.095,12961.16,0.0006528,0.0065675,0,0,0,0,0,0.0893732,31.98021,0.0622034,18758.46,4,1998q4,-2.731831,10.78954,11.15922,-7.33426,13.01383,18.03946,-7.33426,3.465117,-2.777345,9.8394,-5.025626,9.469712,-2.777345,-2.414934,-0.0682759,-0.039485,-0.0576658,0.0034742,0.0155106,-0.034605,0.0034742,-0.019938,0.3129911,-0.0146103,0.0501146,0.0035715,-0.0434906,13.01235,0.0071049
1999,1,0.058,46723.07,67598.49,0.0006558,455371,6.62E+07,69.1185,13022.77,0.0006558,0.0068774,1,0,0,0,0,0.0829269,31.18456,0.0564553,18841.22,5,1999q1,-2.847312,10.75199,11.12134,-7.329661,13.02887,18.00839,-7.329661,3.439923,-2.874307,9.843802,-4.979519,9.474455,-2.874307,-2.489795,-0.1154814,-0.0375423,-0.0378828,0.0045986,0.0150347,-0.0310726,0.0045986,-0.0251939,-0.0969613,0.0044022,0.0461068,0.0047426,-0.0748613,13.02615,0.0137997
1999,2,0.0605,49217.18,71717.66,0.0006597,464552,7.03E+07,68.6263,13142.01,0.0006597,0.0066101,0,1,0,0,0,0.0847891,30.41804,0.0612507,19150.1,6,1999q2,-2.805112,10.804,11.18049,-7.323718,13.04883,18.06798,-7.323718,3.415036,-2.79278,9.860064,-5.019156,9.483569,-2.79278,-2.467588,0.0422003,0.0520048,0.0591516,0.0059433,0.0199614,0.059597,0.0059433,-0.0248876,0.0815268,0.0162611,-0.0396366,0.0091143,0.0222077,13.04665,0.0204992
1999,3,0.0653667,51877.57,75964.34,0.0006645,475906,7.47E+07,68.292,13318.87,0.0006645,0.0063688,0,0,1,0,0,0.0890512,29.67849,0.0633471,19502.82,7,1999q3,-2.727743,10.85664,11.23802,-7.316456,13.07298,18.12932,-7.316456,3.390423,-2.759127,9.878315,-5.056343,9.496937,-2.759127,-2.418544,0.0773692,0.0526438,0.0575266,0.0072613,0.0241461,0.0613346,0.0072613,-0.0246131,0.0336533,0.0182514,-0.0371871,0.0133677,0.0490437,13.0698,0.0231485
1999,4,0.0691333,51877.57,75795.86,0.0006702,485126,7.55E+07,68.4438,13553.36,0.0006702,0.0064292,0,0,0,0,0,0.0929616,28.96398,0.0702986,19802.17,8,1999q4,-2.671718,10.85664,11.2358,-7.307905,13.09216,18.13908,-7.307905,3.366053,-2.655003,9.893547,-5.046913,9.514389,-2.655003,-2.375569,0.0560243,0,-0.0022202,0.0085516,0.0191889,0.009758,0.0085516,-0.0243697,0.1041234,0.0152321,0.0094299,0.0174522,0.0429754,13.09203,0.022234
2000,1,0.0704667,51628.16,74340.2,0.0006768,494073,7.59E+07,69.4485,13845.47,0.0006768,0.0065087,1,0,0,0,0,0.0945219,28.27272,0.0071429,19936.31,9,2000q1,-2.652616,10.85182,11.21641,-7.298098,13.11044,18.14505,-7.298098,3.341897,-4.941638,9.900298,-5.034614,9.535713,-4.941638,-2.358924,0.0191028,-0.0048189,-0.019392,0.0098071,0.0182743,0.0059757,0.0098071,-0.0241554,-2.286635,0.0067511,0.0122986,0.0213242,0.0166447,13.11027,0.0182409
2000,2,0.0689667,51378.75,73428.52,0.0006791,505081,7.59E+07,69.9711,14099.43,0.0006791,0.0066544,0,1,0,0,0,0.0932584,27.45617,0.0230681,20150.36,10,2000q2,-2.674132,10.84698,11.20407,-7.294692,13.13247,18.14495,-7.294692,3.312591,-3.769305,9.910977,-5.012478,9.553889,-3.769305,-2.372381,-0.0215166,-0.0048428,-0.0123386,0.0034056,0.0220356,-0.0000992,0.0034056,-0.0293067,1.172333,0.0106792,0.0221357,0.0181761,-0.0134568,13.13247,0.0221977
2000,3,0.0675667,51711.29,73504.8,0.0006772,515690,7.63E+07,70.3509,14315.23,0.0006772,0.0067587,0,0,1,0,0,0.0919412,26.53677,0.0276216,20348.32,11,2000q3,-2.69464,10.85343,11.20511,-7.297598,13.15326,18.15018,-7.297598,3.278531,-3.589158,9.920753,-4.996919,9.569079,-3.589158,-2.386606,-0.0205083,0.0064516,0.0010376,-0.0029063,0.0207872,0.005228,-0.0029063,-0.0340595,0.1801472,0.0097761,0.0155592,0.0151901,-0.0142255,13.15616,0.0236912
2000,4,0.0646333,51628.16,73231.74,0.0006709,525111,7.56E+07,70.4997,14492.87,0.0006709,0.0069432,0,0,0,0,0,0.0892133,25.53804,0.0671059,20557.35,12,2000q4,-2.739025,10.85182,11.20138,-7.30684,13.17136,18.14136,-7.30684,3.240169,-2.701483,9.930974,-4.969994,9.581412,-2.701483,-2.416725,-0.0443847,-0.0016088,-0.0037212,-0.0092416,0.0181036,-0.0088215,-0.0092416,-0.0383623,0.887675,0.0102205,0.0269256,0.0123329,-0.0301187,13.17144,0.0152769
2001,1,0.0601667,54122.27,77114.17,0.0006605,534687,7.82E+07,70.1846,14632.36,0.0006605,0.0068345,1,0,0,0,0,0.0842558,24.4832,0.0998292,20848.39,13,2001q1,-2.810637,10.899,11.25304,-7.322544,13.18944,18.17521,-7.322544,3.197987,-2.304294,9.945032,-4.985768,9.590991,-2.304294,-2.473898,-0.0716116,0.0471783,0.0516577,-0.0157037,0.0180721,0.0338459,-0.0157037,-0.042182,0.3971889,0.0140581,-0.0157743,0.0095787,-0.0571735,13.18757,0.0161371
2001,2,0.0582333,52750.51,74410.83,0.0006544,548286,7.57E+07,70.8909,14780.01,0.0006544,0.0072425,0,1,0,0,0,0.0828728,23.54735,0.0429818,20848.95,14,2001q2,-2.843297,10.87333,11.21736,-7.331865,13.21455,18.14234,-7.331865,3.159013,-3.146978,9.945059,-4.92779,9.601031,-3.146978,-2.490449,-0.0326607,-0.0256729,-0.0356855,-0.0093217,0.025115,-0.0328636,-0.0093217,-0.0389738,-0.8426838,0.0000267,0.0579782,0.0100403,-0.0165503,13.21047,0.0228949
2001,3,0.0591667,54246.98,76846.55,0.0006525,563860,7.78E+07,70.5913,14935.83,0.0006525,0.0072494,0,0,1,0,0,0.0835795,22.71259,-0.0032103,21158.17,15,2001q3,-2.827397,10.9013,11.24957,-7.334672,13.24256,18.1694,-7.334672,3.122919,,9.959782,-4.92684,9.611518,,-2.481957,0.0159006,0.0279741,0.0322094,-0.0028067,0.0280094,0.0270596,-0.0028067,-0.036094,,0.0147228,0.0009499,0.0104866,0.0084918,13.23968,0.0292139
2001,4,0.0558333,54662.66,77104.23,0.000655,577244,7.88E+07,70.8945,15099.8,0.000655,0.0073255,0,0,0,0,0,0.0803108,21.9645,-0.0048193,21298.98,16,2001q4,-2.885384,10.90894,11.25291,-7.330948,13.26602,18.18241,-7.330948,3.089427,,9.966414,-4.916393,9.622437,,-2.521851,-0.0579875,0.0076342,0.0033474,0.0037236,0.0234594,0.0130119,0.0037236,-0.0334918,,0.0066328,0.0104465,0.0109196,-0.0398943,13.26585,0.0261669
2002,1,0.0571333,53649.34,75093.49,0.0006616,591546,7.82E+07,71.4434,15271.95,0.0006616,0.0075608,1,0,0,0,0,0.0820601,21.29138,0.0471786,21376.29,17,2002q1,-2.862368,10.89022,11.22649,-7.320795,13.29049,18.17527,-7.320795,3.058302,-3.053816,9.970037,-4.884778,9.633773,-3.053816,-2.500304,0.0230167,-0.018712,-0.0264244,0.0101533,0.0244741,-0.0071392,0.0101533,-0.0311253,,0.003623,0.0316148,0.0113354,0.0215473,13.28832,0.0224667
2002,2,0.0584667,58841.22,81882.79,0.0006671,610757,8.66E+07,71.8603,15418.23,0.0006671,0.007049,0,1,0,0,0,0.0822301,21.12537,0.0263488,21455.83,18,2002q2,-2.839298,10.9826,11.31304,-7.312607,13.32245,18.27732,-7.312607,3.050475,-3.636331,9.973752,-4.954867,9.643306,-3.636331,-2.498234,0.0230691,0.0923738,0.0865555,0.0081882,0.0319595,0.102047,0.0081882,-0.0078273,-0.5825155,0.0037146,-0.0700889,0.0095329,0.0020704,13.31785,0.0295305
2002,3,0.0535,63028.21,87056.98,0.0006713,637239,9.35E+07,72.3988,15538.64,0.0006713,0.0068125,0,0,1,0,0,0.0864866,21.45194,0.047871,21462.56,19,2002q3,-2.928074,11.05134,11.37432,-7.306327,13.3649,18.35389,-7.306327,3.065815,-3.039244,9.974066,-4.988994,9.651085,-3.039244,-2.447765,-0.0887752,0.0687389,0.0612736,0.0062795,0.0424452,0.0765724,0.0062795,0.0153403,0.5970869,0.0003138,-0.0341268,0.0077791,0.0504682,13.35425,0.0364008
2002,4,0.0503,63921.44,87545.5,0.0006742,659190,9.54E+07,73.0151,15633.19,0.0006742,0.0069069,0,0,0,0,0,0.0832348,22.32801,0.0571137,21410.9,20,2002q4,-2.98975,11.06541,11.37991,-7.301916,13.39877,18.374,-7.301916,3.105842,-2.862712,9.971655,-4.975232,9.657151,-2.862712,-2.48609,-0.0616765,0.0140724,0.0055962,0.0044117,0.0338678,0.0201054,0.0044117,0.0400267,0.1765327,-0.0024109,0.0137625,0.0060663,-0.0383248,13.39905,0.0448036
2003,1,0.0483,64647.18,87853.51,0.000676,678934,9.69E+07,73.5852,15701.87,0.000676,0.007004,1,0,0,0,0,0.0812117,23.90554,-0.0087765,21338.36,21,2003q1,-3.030324,11.0767,11.38343,-7.299338,13.42828,18.38955,-7.299338,3.17411,,9.968262,-4.961273,9.661535,,-2.510695,-0.0405736,0.0112906,0.0035114,0.0025773,0.0295115,0.0155544,0.0025773,0.0682683,,-0.0033932,0.0139585,0.004384,-0.0246053,13.43282,0.0337639
2003,2,0.0458333,67494.34,91788.82,0.0006769,701380,1.02E+08,73.5322,15807.9,0.0006769,0.0069084,0,1,0,0,0,0.078326,25.6406,0.1092692,21497.93,22,2003q2,-3.082744,11.1198,11.42725,-7.298049,13.4608,18.43583,-7.298049,3.244177,-2.213941,9.975712,-4.975024,9.668265,-2.213941,-2.546875,-0.0524199,0.0430984,0.0438204,0.0012894,0.032526,0.0462761,0.0012894,0.0700669,,0.0074501,-0.013751,0.0067301,-0.03618,13.46376,0.0309486
2003,3,0.0478,71067.24,96170.15,0.0006769,728945,1.07E+08,73.8974,15951.26,0.0006769,0.0068046,0,0,1,0,0,0.079792,27.54743,0.1500352,21585.69,23,2003q3,-3.04073,11.17138,11.47387,-7.298036,13.49935,18.48951,-7.298036,3.315909,-1.896886,9.979786,-4.99016,9.677293,-1.896886,-2.528332,0.0420141,0.0515833,0.046628,0.0000134,0.0385485,0.0536842,0.0000134,0.071732,0.3170552,0.0040741,-0.0151362,0.0090275,0.0185435,13.49571,0.0319433
2003,4,0.0549333,75812.5,101560.4,0.000676,756738,1.14E+08,74.6477,16131.97,0.000676,0.006615,0,0,0,0,0,0.0863018,29.6398,0.1564739,21610.8,24,2003q4,-2.901635,11.23602,11.52841,-7.299291,13.53677,18.55518,-7.299291,3.389118,-1.854866,9.980948,-5.018412,9.688559,-1.854866,-2.449905,0.1390946,0.0646362,0.0545349,-0.001255,0.0374193,0.06567,-0.001255,0.073209,0.0420195,0.0011625,-0.0282512,0.0112658,0.0784266,13.53171,0.0359983
2004,1,0.054,79664.53,106474.6,0.0006743,781135,1.20E+08,74.8202,16350.01,0.0006743,0.0064983,1,0,0,0,0,0.0849468,31.93008,0.1864752,21852.4,25,2004q1,-2.918771,11.28558,11.57566,-7.301807,13.5685,18.60471,-7.301807,3.463549,-1.679457,9.992066,-5.036209,9.701984,-1.679457,-2.465729,-0.0171363,0.0495615,0.0472527,-0.0025167,0.0317307,0.0495281,-0.0025167,0.0744305,0.1754093,0.0111179,-0.0177975,0.0134258,-0.0158241,13.57083,0.0391235
2004,2,0.0565333,86898.33,114678.1,0.0006734,807883,1.31E+08,75.7759,16544.73,0.0006734,0.0061548,0,1,0,0,0,0.0866846,33.28098,0.1372011,21833.76,26,2004q2,-2.872925,11.37249,11.64988,-7.303162,13.60217,18.6927,-7.303162,3.504986,-1.986307,9.991213,-5.090529,9.713822,-1.986307,-2.445479,0.0458465,0.0869141,0.0742226,-0.0013547,0.0336695,0.0879898,-0.0013547,0.0414374,-0.3068506,-0.0008535,-0.0543199,0.011838,0.0202503,13.60601,0.0351839
2004,3,0.0583667,94862.1,124907,0.0006733,835035,1.44E+08,75.9462,16716.11,0.0006733,0.0058149,0,0,1,0,0,0.0877701,33.40324,0.120044,22010.46,27,2004q3,-2.84101,11.46018,11.73532,-7.303355,13.63523,18.78257,-7.303355,3.508653,-2.119897,9.999273,-5.147336,9.724128,-2.119897,-2.433035,0.0319145,0.0876856,0.0854406,-0.0001931,0.0330563,0.0898647,-0.0001931,0.0036666,-0.1335893,0.0080605,-0.0568075,0.0103054,0.0124445,13.63897,0.0329609
2004,4,0.0551333,95095.76,124428.4,0.0006739,858772,1.44E+08,76.4261,16864.15,0.0006739,0.005946,0,0,0,0,0,0.0846161,32.25927,0.1706084,22065.96,28,2004q4,-2.898001,11.46264,11.73149,-7.302399,13.66326,18.7883,-7.302399,3.473805,-1.768384,10.00179,-5.125042,9.732945,-1.768384,-2.469631,-0.0569904,0.0024605,-0.0038395,0.0009561,0.0280294,0.0057354,0.0009561,-0.0348473,0.3515122,0.0025187,0.0222945,0.0088177,-0.0365961,13.66535,0.0263805
2005,1,0.0524333,93982.09,122456.5,0.0006753,873548,1.43E+08,76.7473,16988.87,0.0006753,0.0060933,1,0,0,0,0,0.0821305,30.08413,0.20888,22136.12,29,2005q1,-2.948213,11.45086,11.71551,-7.3003,13.68032,18.78088,-7.3003,3.403998,-1.565996,10.00497,-5.100563,9.740314,-1.565996,-2.499446,-0.0502119,-0.0117807,-0.015974,0.002099,0.0170603,-0.0074196,0.002099,-0.0698075,0.2023889,0.0031738,0.0244789,0.0073681,-0.029815,13.69015,0.0247965
2005,2,0.0506667,102738.7,131954,0.0006767,896678,1.57E+08,77.8595,17136.21,0.0006767,0.0056958,0,1,0,0,0,0.0696278,28.55341,0.2526951,22009.14,30,2005q2,-2.982487,11.53994,11.79021,-7.298311,13.70645,18.87447,-7.298311,3.351776,-1.375572,9.999213,-5.16802,9.748949,-1.375572,-2.664592,-0.0342743,0.0890856,0.0746975,0.0019894,0.0261335,0.0935898,0.0019894,-0.0522215,0.190424,-0.0057526,-0.0674572,0.0086355,-0.1651461,13.70562,0.0154724
2005,3,0.0483667,110002.5,141575,0.000678,920399,1.69E+08,77.6991,17306.17,0.000678,0.0054351,0,0,1,0,0,0.0668178,27.51705,0.2887978,22273.32,31,2005q3,-3.028944,11.60826,11.86059,-7.296428,13.73256,18.94744,-7.296428,3.314806,-1.242028,10.01114,-5.214873,9.758819,-1.242028,-2.705786,-0.0464575,0.0683146,0.0703764,0.0018826,0.0261106,0.0729637,0.0018826,-0.0369704,0.1335431,0.0119314,-0.0468531,0.0098696,-0.041194,13.73244,0.0268202
2005,4,0.0494333,109598.2,139842.9,0.0006792,943674,1.70E+08,78.3724,17498.75,0.0006792,0.0055664,0,0,0,0,0,0.067995,26.88616,0.2266212,22327.7,32,2005q4,-3.00713,11.60458,11.84828,-7.294654,13.75754,18.94854,-7.294654,3.291612,-1.484475,10.01358,-5.191007,9.769885,-1.484475,-2.688322,0.0218141,-0.0036831,-0.01231,0.0017743,0.0249729,0.0011082,0.0017743,-0.0231943,-0.2424468,0.0024385,0.0238662,0.0110664,0.0174642,13.75461,0.0221634
2006,1,0.0494333,109380.1,138530.2,0.0006803,964094,1.70E+08,78.9576,17713.96,0.0006803,0.0056702,1,0,0,0,0,0.0680888,26.61176,0.1652797,22434.77,33,2006q1,-3.00713,11.60258,11.83884,-7.292988,13.77894,18.95148,-7.292988,3.281353,-1.800116,10.01837,-5.172536,9.782108,-1.800116,-2.686942,0,-0.0019913,-0.0094318,0.0016656,0.0214081,0.0029354,0.0016656,-0.0102584,-0.3156408,0.0047836,0.0184712,0.0122232,0.0013793,13.7796,0.0249901
2006,2,0.0526333,116209.5,146036.2,0.0006803,990077,1.81E+08,79.5758,17944.36,0.0006803,0.0054637,0,1,0,0,0,0.0708478,26.46063,0.1674502,22550.02,34,2006q2,-2.944406,11.66315,11.89161,-7.292942,13.80554,19.01517,-7.292942,3.275658,-1.787069,10.02349,-5.209632,9.795031,-1.787069,-2.647221,0.0627248,0.060565,0.0527668,0.0000467,0.0265942,0.0636921,0.0000467,-0.0056953,0.0130469,0.0051241,-0.0370965,0.0129223,0.0397213,13.8051,0.0255013
2006,3,0.0536667,122702.2,152608.6,0.0006793,1022564,1.92E+08,80.4032,18189.95,0.0006793,0.0053372,0,0,1,0,0,0.0715062,26.42931,0.1480792,22623.42,35,2006q3,-2.924963,11.71751,11.93563,-7.294498,13.83782,19.07088,-7.294498,3.274473,-1.910008,10.02674,-5.233051,9.808624,-1.910008,-2.637971,0.0194423,0.0543652,0.0440216,-0.0015564,0.0322857,0.0557041,-0.0015564,-0.0011845,-0.1229388,0.0032501,-0.0234184,0.0135937,0.0092504,13.83354,0.0284452
2006,4,0.0544333,123482.3,152681.2,0.0006771,1052289,1.93E+08,80.8759,18450.74,0.0006771,0.0054601,0,0,0,0,0,0.0722784,26.51733,0.1419367,22813.64,36,2006q4,-2.910779,11.72385,11.93611,-7.297653,13.86648,19.07677,-7.297653,3.277798,-1.952374,10.03511,-5.210293,9.82286,-1.952374,-2.62723,0.0141847,0.0063381,0.0004759,-0.0031552,0.0286541,0.0058956,-0.0031552,0.003325,-0.042366,0.0083733,0.022758,0.0142355,0.010741,13.86402,0.0304747
2007,1,0.0569,126698.6,155778,0.0006739,1064364,1.97E+08,81.3328,18726.72,0.0006739,0.0053945,1,0,0,0,0,0.0845954,26.72719,0.1517251,23024.81,37,2007q1,-2.86646,11.74957,11.95619,-7.302411,13.87789,19.10026,-7.302411,3.285681,-1.885685,10.04433,-5.222374,9.837707,-1.885685,-2.469876,0.0443184,0.025713,0.0200796,-0.0047579,0.0114098,0.0234909,-0.0047579,0.0078831,0.0666888,0.0092134,-0.0120816,0.0148468,0.1573541,13.89304,0.0290232
2007,2,0.0594,135581.3,166235.6,0.0006725,1108071,2.11E+08,81.5597,18997.63,0.0006725,0.0052464,0,1,0,0,0,0.0866245,27.71288,0.1232054,23292.91,38,2007q2,-2.823461,11.81733,12.02116,-7.304512,13.91813,19.16834,-7.304512,3.321898,-2.093903,10.0559,-5.250213,9.85207,-2.093903,-2.446173,0.042999,0.0677605,0.0649738,-0.0021005,0.0402431,0.0680828,-0.0021005,0.036216,-0.2082174,0.0115767,-0.0278387,0.0143633,0.0237026,13.90075,0.0077085
2007,3,0.0626667,141815.1,172233.2,0.0006729,1137898,2.22E+08,82.339,19263.45,0.0006729,0.0051361,0,0,1,0,0,0.089593,29.65936,0.1092566,23395.29,39,2007q3,-2.769926,11.86228,12.0566,-7.303957,13.94469,19.21616,-7.303957,3.389778,-2.214056,10.06029,-5.271469,9.865965,-2.214056,-2.412478,0.0535355,0.0449533,0.0354433,0.0005546,0.0265627,0.0478172,0.0005546,0.0678804,-0.1201537,0.0043859,-0.0212555,0.013895,0.0336945,13.94977,0.0490227
2007,4,0.0607333,139546.9,168738.1,0.000675,1159862,2.19E+08,82.7003,19524.2,0.000675,0.0052917,0,0,0,0,0,0.0877794,32.99662,0.1192765,23608.37,40,2007q4,-2.801263,11.84616,12.0361,-7.30077,13.96381,19.20543,-7.30077,3.496405,-2.126311,10.06936,-5.241613,9.87941,-2.126311,-2.432929,-0.031337,-0.0161238,-0.0205011,0.0031872,0.0191183,-0.0107365,0.0031872,0.1066275,0.0877457,0.0090666,0.0298553,0.0134449,-0.0204506,13.972,0.0222225
2008,1,0.0576333,138387.7,165592.5,0.0006789,1177762,2.19E+08,83.5712,19779.86,0.0006789,0.0053759,1,0,0,0,0,0.0847329,38.68814,0.1469818,23668.27,41,2008q1,-2.853654,11.83781,12.01729,-7.294991,13.97913,19.20495,-7.294991,3.655533,-1.917447,10.07189,-5.225822,9.89242,-1.917447,-2.468252,-0.0523915,-0.0083418,-0.0188179,0.0057788,0.0153151,-0.0004768,0.0057788,0.1591277,0.2088639,0.0025339,0.0157914,0.01301,-0.0353227,13.9844,0.0124006
2008,2,0.0612,139328.5,166301.2,0.0006813,1188617,2.22E+08,83.7808,19991.98,0.0006813,0.00536,0,1,0,1,0,0.0882509,44.70264,0.1541768,23862.25,42,2008q2,-2.793608,11.84459,12.02156,-7.291521,13.9883,19.21709,-7.291521,3.800032,-1.869655,10.08005,-5.228794,9.903087,-1.869655,-2.427572,0.060046,0.0067749,0.0042706,0.0034699,0.0091734,0.012146,0.0034699,0.1444993,0.0477914,0.0081615,-0.0029721,0.0106668,0.0406802,13.99975,0.0153532
2008,3,0.061,139710.1,165028.3,0.0006821,1196460,2.23E+08,84.6583,20160.56,0.0006821,0.005365,0,0,1,1,0,0.0880356,50.31048,0.1447641,23814.04,43,2008q3,-2.796881,11.84733,12.01387,-7.290319,13.99488,19.22275,-7.290319,3.918213,-1.93265,10.07803,-5.227867,9.911484,-1.93265,-2.430013,-0.0032732,0.0027361,-0.0076838,0.0012016,0.0065775,0.0056515,0.0012016,0.118181,-0.0629944,-0.0020218,0.000927,0.0083971,-0.0024419,14.00375,0.0040007
2008,4,0.0554333,133839.2,156873,0.0006814,1200716,2.14E+08,85.3169,20285.6,0.0006814,0.0056175,0,0,0,1,0,0.0827867,54.43281,0.1223033,23776.77,44,2008q4,-2.892574,11.80439,11.96319,-7.291367,13.99843,19.1803,-7.291367,3.996967,-2.101251,10.07646,-5.181867,9.917666,-2.101251,-2.491488,-0.0956926,-0.0429316,-0.0506802,-0.0010476,0.0035505,-0.04245,-0.0010476,0.0787537,-0.1686014,-0.0015669,0.0460005,0.0061827,-0.0614741,13.99967,-0.0040789
2009,1,0.0495333,124484,145804.1,0.0006792,1198413,1.98E+08,85.3776,20367.1,0.0006792,0.0060399,1,0,0,1,0,0.0674545,55.99533,0.0882478,23855.32,45,2009q1,-3.00511,11.73193,11.89002,-7.294661,13.99651,19.10588,-7.294661,4.025268,-2.427606,10.07976,-5.109376,9.921676,-2.427606,-2.696302,-0.1125355,-0.0724611,-0.0731726,-0.003294,-0.0019197,-0.0744114,-0.003294,0.028301,-0.3263552,0.0032988,0.0724907,0.0040092,-0.2048149,13.99965,-0.0000162
2009,2,0.0511667,126974.9,148597.6,0.000677,1200934,2.02E+08,85.4488,20440.06,0.000677,0.0059443,0,1,0,1,0,0.0789413,57.14049,0.027263,23920.82,46,2009q2,-2.972667,11.75175,11.909,-7.297792,13.99861,19.12393,-7.297792,4.045513,-3.602226,10.0825,-5.12532,9.925252,-3.602226,-2.53905,0.0324426,0.0198126,0.0189781,-0.0031309,0.0021019,0.0180454,-0.0031309,0.0202451,-1.17462,0.0027418,-0.0159445,0.0035763,0.1572521,13.99994,0.000289
2009,3,0.0569667,133126.4,154799.2,0.000675,1203368,2.11E+08,85.9994,20504.48,0.000675,0.0056901,0,0,1,1,0,0.0843849,57.80828,-0.0149544,23842.59,47,2009q3,-2.865289,11.79905,11.94988,-7.300759,14.00063,19.16966,-7.300759,4.057132,,10.07923,-5.169024,9.928399,,-2.472367,0.107378,0.0473089,0.0408869,-0.0029674,0.0020237,0.0457287,-0.0029674,0.0116191,,-0.0032759,-0.043704,0.0031471,0.0666838,14.0026,0.0026522
2009,4,0.0568333,132913.9,154704.1,0.0006731,1207301,2.11E+08,85.9149,20560.37,0.0006731,0.0057258,0,0,0,1,0,0.0842607,57.96149,-0.0417622,23931.08,48,2009q4,-2.867632,11.79746,11.94927,-7.303563,14.0039,19.16667,-7.303563,4.059779,,10.08293,-5.162767,9.931121,,-2.47384,-0.0023432,-0.0015974,-0.0006151,-0.0028038,0.0032635,-0.0029926,-0.0028038,0.0026464,,0.003705,0.0062571,0.0027218,-0.0014737,13.99916,-0.0034409
2010,1,0.0552,128972.9,148974.9,0.0006714,1206133,2.04E+08,86.5736,20607.72,0.0006714,0.0059022,1,0,0,1,0,0.0828456,57.59063,-0.1058815,23803.7,49,2010q1,-2.896792,11.76736,11.91153,-7.306202,14.00293,19.13536,-7.306202,4.05336,,10.0776,-5.132427,9.933421,,-2.490777,-0.0291603,-0.0300989,-0.0377369,-0.0026388,-0.000968,-0.0313091,-0.0026388,-0.0064187,,-0.0053368,0.0303407,0.0023003,-0.0169368,14.00308,0.0039215
2010,2,0.0541,133161.8,152749.8,0.00067,1208954,2.11E+08,87.1764,20680.97,0.00067,0.0057334,0,1,0,1,0,0.0814985,57.78275,-0.0928446,23723.13,50,2010q2,-2.916921,11.79932,11.93656,-7.308184,14.00527,19.16672,-7.308184,4.05669,,10.07421,-5.161453,9.936969,,-2.507171,-0.0201287,0.0319624,0.0250244,-0.0019817,0.0023365,0.0313625,-0.0019817,0.0033302,,-0.0033913,-0.029026,0.0035477,-0.0163941,14.00681,0.0037327
2010,3,0.0511667,135444.2,156011.5,0.0006691,1213373,2.14E+08,86.8168,20780.13,0.0006691,0.0056573,0,0,1,1,0,0.0784358,58.54921,-0.0482706,23935.61,51,2010q3,-2.972667,11.81631,11.95768,-7.309505,14.00891,19.18372,-7.309505,4.069868,,10.08312,-5.174809,9.941752,,-2.545475,-0.0557458,0.0169945,0.0211277,-0.0013218,0.0036488,0.017004,-0.0013218,0.0131774,,0.0089169,-0.0133557,0.0047836,-0.0383039,14.01003,0.0032196
2010,4,0.0478333,133749.6,152998.1,0.0006687,1213054,2.12E+08,87.4191,20905.18,0.0006687,0.0057239,0,0,0,1,0,0.0751917,59.93546,-0.0069375,23913.75,52,2010q4,-3.040032,11.80372,11.93818,-7.310171,14.00865,19.17175,-7.310171,4.093268,,10.08221,-5.1631,9.947752,,-2.587715,-0.0673654,-0.0125904,-0.0195036,-0.0006652,-0.0002632,-0.0119705,-0.0006652,0.0234008,,-0.0009136,0.0117083,0.0059996,-0.0422397,14.00863,-0.0013952
2011,1,0.0509333,129745.9,145905.9,0.0006687,1212437,2.06E+08,88.9244,21056.14,0.0006687,0.0058903,1,0,0,1,0,0.0785177,62.02803,0.035425,23678.7,53,2011q1,-2.977238,11.77333,11.89072,-7.310178,14.00814,19.14259,-7.310178,4.127586,-3.340338,10.07233,-5.134446,9.954947,-3.340338,-2.544432,0.0627947,-0.0303907,-0.0474634,-7.15E-06,-0.0005083,-0.0291634,-7.15E-06,0.034318,,-0.0098772,0.0286546,0.0071955,0.043283,14.00663,-0.0020065
2011,2,0.0500667,129848.4,147080.7,0.0006672,1214655,2.06E+08,88.2838,21225.07,0.0006672,0.0059031,0,1,0,1,0,0.0776445,62.94069,0.0475751,24041.86,54,2011q2,-2.9944,11.77412,11.89874,-7.312478,14.00997,19.14224,-7.312478,4.142193,-3.045446,10.08755,-5.132271,9.962938,-3.045446,-2.555615,-0.0171621,0.0007896,0.0080194,-0.0022998,0.0018272,-0.0003471,-0.0022998,0.0146065,0.2948918,0.0152206,0.0021744,0.0079908,-0.0111833,14.01101,0.0043831
2011,3,0.0439333,133429.2,150998.6,0.0006641,1217622,2.11E+08,88.3645,21411.96,0.0006641,0.005779,0,0,1,1,0,0.0713078,62.56784,0.0172604,24231.41,55,2011q3,-3.125082,11.80133,11.92503,-7.31708,14.01241,19.16594,-7.31708,4.136251,-4.059338,10.0954,-5.153525,9.971705,-4.059338,-2.64075,-0.1306822,0.0272026,0.026289,-0.004602,0.0024395,0.0236931,-0.004602,-0.0059414,-1.013892,0.0078526,-0.0212541,0.0087671,-0.085135,14.01424,0.0032272
2011,4,0.0404667,129122.3,144922.7,0.0006595,1218463,2.03E+08,89.0973,21616.82,0.0006595,0.0060113,0,0,0,1,0,0.0680876,60.95126,0.0062682,24262.04,56,2011q4,-3.207277,11.76851,11.88396,-7.324006,14.0131,19.12722,-7.324006,4.110075,-5.072272,10.09667,-5.114117,9.981227,-5.072272,-2.68696,-0.0821946,-0.0328112,-0.04107,-0.0069265,0.0006905,-0.0387173,-0.0069265,-0.0261769,-1.012934,0.0012636,0.0394082,0.0095215,-0.0462101,14.01132,-0.0029135
2012,1,0.0418,125727.6,140954.9,0.0006534,1221481,1.96E+08,89.1971,21839.64,0.0006534,0.0062408,1,0,0,1,0,0.0696278,58.26875,0.0059759,24484.7,57,2012q1,-3.174859,11.74187,11.85619,-7.333301,14.01557,19.09223,-7.333301,4.065066,-5.120027,10.1058,-5.076654,9.991482,-5.120027,-2.664591,0.0324175,-0.0266418,-0.0277615,-0.009295,0.0024738,-0.0349903,-0.009295,-0.0450087,-0.0477548,0.0091352,0.0374627,0.0102549,0.0223689,14.01111,-0.0002184
2012,2,0.0429,125133.8,140013.8,0.0006485,1223477,1.94E+08,89.3725,22051.62,0.0006485,0.0063209,0,1,0,1,0,0.0707681,55.48275,-0.0251969,24673.83,58,2012q2,-3.148883,11.73714,11.8495,-7.340772,14.01721,19.0811,-7.340772,4.016072,,10.1135,-5.063895,10.00114,,-2.648348,0.0259757,-0.004734,-0.0066986,-0.0074706,0.0016327,-0.0111256,-0.0074706,-0.0489936,,0.0076952,0.0127597,0.0096598,0.0162435,14.02031,0.0092068
2012,3,0.0412,127490.7,140764,0.0006449,1227319,1.96E+08,90.5705,22252.74,0.0006449,0.006251,0,0,1,1,0,0.0689276,52.65978,-0.0149887,24569.52,59,2012q3,-3.189317,11.7558,11.85484,-7.34638,14.02034,19.09536,-7.34638,3.963852,,10.10926,-5.07502,10.01022,,-2.674699,-0.0404336,0.0186596,0.0053444,-0.0056081,0.0031357,0.0142593,-0.0056081,-0.0522203,,-0.0042372,-0.0111251,0.009079,-0.0263515,14.02268,0.0023661
2012,4,0.0393,124616.7,136854.2,0.0006425,1228665,1.91E+08,91.058,22443,0.0006425,0.0064174,0,0,0,1,0,0.0572129,49.85572,-0.0352097,24646.93,60,2012q4,-3.236531,11.733,11.82667,-7.350099,14.02144,19.07018,-7.350099,3.909133,,10.11241,-5.048744,10.01873,,-2.860977,-0.0472138,-0.0228004,-0.0281687,-0.0037189,0.0010958,-0.0251789,-0.0037189,-0.0547187,,0.0031462,0.0262761,0.0085135,-0.1862776,14.01988,-0.0027971
2013,1,0.0365333,122593.7,134589.4,0.0006414,1228627,1.88E+08,91.0872,22622.42,0.0006414,0.0065253,1,0,0,0,0,0.054586,47.11506,-0.0314602,24836,61,2013q1,-3.30953,11.71663,11.80998,-7.351913,14.02141,19.05347,-7.351913,3.852593,,10.12005,-5.032062,10.0267,,-2.907979,-0.0729995,-0.016367,-0.0166874,-0.0018148,-0.0000305,-0.0167141,-0.0018148,-0.0565405,,0.0076418,0.0166821,0.0079622,-0.0470018,14.01987,-6.68E-06
2013,2,0.0348667,123409.3,135191.8,0.0006405,1230403,1.90E+08,91.2846,22785.72,0.0006405,0.0064905,0,1,0,0,0,0.0528723,44.76764,-0.0369839,24961.18,62,2013q2,-3.356224,11.72326,11.81445,-7.353286,14.02285,19.06026,-7.353286,3.801486,,10.12508,-5.037409,10.03389,,-2.939875,-0.0466938,0.0066309,0.0044651,-0.0013728,0.0014448,0.0067921,-0.0013728,-0.0511072,,0.0050278,-0.0053473,0.0071926,-0.0318968,14.02498,0.0051022
2013,3,0.0338,128421,139375.2,0.0006399,1234449,1.97E+08,92.1405,22932.9,0.0006399,0.0062536,0,0,1,0,0,0.0614964,42.74144,-0.0455273,24889.05,63,2013q3,-3.387295,11.76307,11.84492,-7.354219,14.02614,19.10074,-7.354219,3.755169,,10.12218,-5.074602,10.04033,,-2.788776,-0.0310705,0.0398073,0.0304756,-0.0009327,0.0032825,0.0404758,-0.0009327,-0.0463166,,-0.0028934,-0.0371933,0.0064392,0.1510994,14.02725,0.0022688
2013,4,0.0335667,127413.4,137886.3,0.0006396,1238923,1.96E+08,92.4047,23063.97,0.0006396,0.0063184,0,0,0,0,0,0.0613244,40.98139,-0.0355167,24959.73,64,2013q4,-3.394222,11.75519,11.83418,-7.354712,14.02975,19.09403,-7.354712,3.713118,,10.12502,-5.064282,10.04603,,-2.791577,-0.0069273,-0.0078764,-0.0107403,-0.0004926,0.0036182,-0.0067024,-0.0004926,-0.0420508,,0.0028353,0.0103202,0.0056992,-0.0028012,14.02539,-0.0018511
2014,1,0.0342333,127007.2,136712.1,0.0006395,1243557,1.96E+08,92.9012,23178.92,0.0006395,0.0063517,1,0,0,0,0,0.0523296,39.4447,-0.0252424,24950.07,65,2014q1,-3.374556,11.752,11.82563,-7.354766,14.03349,19.09252,-7.354766,3.6749,,10.12463,-5.059033,10.051,,-2.950193,0.0196662,-0.0031939,-0.0085516,-0.0000544,0.0037327,-0.0015144,-0.0000544,-0.0382185,,-0.0003872,0.0052485,0.0049715,-0.1586158,14.02959,0.0041943
2014,2,0.037,129595.8,138579.5,0.0006395,1249870,2.00E+08,93.5173,23265.13,0.0006395,0.0062466,0,1,0,0,0,0.0553358,38.31416,-0.0138777,24877.89,66,2014q2,-3.296837,11.77218,11.8392,-7.354821,14.03855,19.11427,-7.354821,3.645819,,10.12173,-5.07572,10.05471,,-2.894336,0.0777183,0.0201769,0.013567,-0.0000548,0.005064,0.0217514,-0.0000548,-0.0290802,,-0.0028973,-0.0166869,0.0037127,0.0558572,14.04014,0.0105476
2014,3,0.0371667,135161.1,144280,0.0006395,1256162,2.09E+08,93.6797,23322.61,0.0006395,0.0060107,0,0,1,0,0,0.0559882,37.52874,0.0072702,24896.12,67,2014q3,-3.292343,11.81422,11.87951,-7.354879,14.04357,19.15779,-7.354879,3.625107,-4.923972,10.12247,-5.114216,10.05718,-4.923972,-2.882613,0.0044944,0.0420475,0.0403118,-0.0000582,0.0050211,0.0435162,-0.0000582,-0.0207124,,0.0007324,-0.038496,0.0024672,0.0117223,14.04667,0.0065289
2014,4,0.0323,135016,145004.7,0.0006394,1260123,2.09E+08,93.1115,23351.34,0.0006394,0.0060279,0,0,0,0,0,0.051119,37.04828,0.0221943,25078.9,68,2014q4,-3.432688,11.81315,11.88452,-7.354937,14.04672,19.15808,-7.354937,3.612222,-3.807919,10.12978,-5.11136,10.05841,-3.807919,-2.973599,-0.1403451,-0.0010748,0.0050097,-0.0000577,0.003149,0.0002918,-0.0000577,-0.0128851,1.116053,0.0073156,0.0028567,0.0012312,-0.090986,14.04557,-0.0010986
2015,1,0.0304,134955.5,144863.3,0.0006394,1261593,2.09E+08,93.1606,23815,0.0006394,0.00603,1,0,0,0,1,0.0492273,36.84838,0.0353684,25563.38,69,2015q1,-3.493313,11.8127,11.88355,-7.354996,14.04788,19.1589,-7.354996,3.606812,-3.341937,10.14892,-5.11101,10.07807,-3.341937,-3.011307,-0.0606246,-0.0004482,-0.0009756,-0.0000591,0.0011644,0.0008163,-0.0000591,-0.0054104,0.4659822,0.0191336,0.0003495,0.0196609,-0.0377078,14.04728,0.0017147
2015,2,0.0286667,134029.7,142272.7,0.0006391,1271957,2.08E+08,94.2062,24043,0.0006391,0.0061157,0,1,0,0,1,0.0460712,36.56294,0.0489144,25521.67,70,2015q2,-3.55202,11.80582,11.8655,-7.355453,14.05607,19.15296,-7.355453,3.599035,-3.017683,10.14728,-5.096891,10.0876,-3.017683,-3.077567,-0.0587077,-0.0068836,-0.0180445,-0.0004568,0.0081825,-0.0059376,-0.0004568,-0.0077763,0.3242543,-0.0016327,0.0141191,0.0095282,-0.0662601,14.05303,0.0057478
2015,3,0.0286333,139050.8,148144.1,0.0006386,1281953,2.16E+08,93.8618,24419,0.0006386,0.0059375,0,0,1,0,1,0.0457611,36.19781,0.0511539,26015.91,71,2015q3,-3.553184,11.84259,11.90594,-7.356306,14.0639,19.19037,-7.356306,3.588999,-2.972917,10.16646,-5.126472,10.10312,-2.972917,-3.084321,-0.0011635,0.0367775,0.0404396,-0.0008535,0.0078278,0.0374088,-0.0008535,-0.0100367,0.0447657,0.0191803,-0.0295811,0.0155182,-0.0067532,14.06466,0.0116348
2015,4,0.0276667,137660.1,147061.9,0.0006378,1291409,2.14E+08,93.6069,24536,0.0006378,0.0060398,0,0,0,0,1,0.0448457,35.76,0.0579562,26211.74,72,2015q4,-3.587527,11.83254,11.89861,-7.357556,14.07124,19.18063,-7.357556,3.57683,-2.848067,10.17396,-5.109387,10.1079,-2.848067,-3.104527,-0.0343432,-0.0100517,-0.0073318,-0.0012503,0.007349,-0.0097351,-0.0012503,-0.0121686,0.1248498,0.0074987,0.0170851,0.0047798,-0.0202067,14.06829,0.0036306
2016,1,0.0270333,136790,144325,0.0006367,1304565,2.12E+08,94.7792,24597,0.0006367,0.0061401,1,0,0,0,1,0.0442258,35.25746,0.0607015,25951.9,73,2016q1,-3.610685,11.8262,11.87982,-7.359201,14.08138,19.17429,-7.359201,3.562677,-2.801788,10.164,-5.092912,10.11038,-2.801788,-3.118446,-0.0231576,-0.00634,-0.0187864,-0.0016446,0.0101357,-0.00634,-0.0016446,-0.0141528,0.0462794,-0.009963,0.0164752,0.0024834,-0.0139186,14.07551,0.0072155
2016,2,0.0263,136446.2,142959.6,0.0006364,1316183,2.12E+08,95.4439,24757,0.0006364,0.0062028,0,1,0,0,1,0.0435362,34.64206,0.0336408,25938.8,74,2016q2,-3.638186,11.82369,11.87032,-7.359727,14.09025,19.173,-7.359727,3.545069,-3.392015,10.1635,-5.082758,10.11686,-3.392015,-3.134162,-0.0275018,-0.0025167,-0.0095053,-0.0005264,0.0088663,-0.0012875,-0.0005264,-0.0176086,-0.5902274,-0.0005045,0.0101538,0.0064831,-0.0157158,14.09332,0.0178099
2016,3,0.0241333,142294.1,148504.9,0.0006367,1330850,2.22E+08,95.8178,24606,0.0006367,0.0059994,0,0,1,0,1,0.0411522,33.92508,0.0283715,25679.99,75,2016q3,-3.724161,11.86565,11.90837,-7.35914,14.10133,19.21742,-7.35914,3.524154,-3.562371,10.15347,-5.116094,10.11075,-3.562371,-3.190477,-0.0859749,0.0419655,0.0380554,0.0005875,0.0110826,0.0444183,0.0005875,-0.0209141,-0.1703563,-0.0100279,-0.0333357,-0.0061178,-0.0563157,14.10316,0.0098352
2016,4,0.0226,139631.3,144683.5,0.0006378,1337820,2.18E+08,96.5081,24772,0.0006378,0.0061233,0,0,0,0,1,0.0398909,33.11803,0.019394,25668.31,76,2016q4,-3.789805,11.84676,11.8823,-7.357445,14.10655,19.2022,-7.357445,3.500078,-3.94279,10.15301,-5.095647,10.11747,-3.94279,-3.221608,-0.065644,-0.0188904,-0.0260687,0.0016947,0.0052233,-0.0152245,0.0016947,-0.0240765,-0.3804188,-0.0004549,0.0204468,0.0067234,-0.0311308,14.10856,0.0054035
2017,1,0.0219,138356.1,142253,0.0006396,1352773,2.18E+08,97.2606,24856,0.0006396,0.0062185,1,0,0,0,1,0.0394545,32.37837,0.0135018,25556.08,77,2017q1,-3.821269,11.83759,11.86536,-7.35466,14.11767,19.19789,-7.35466,3.477491,-4.304934,10.14863,-5.080225,10.12085,-4.304934,-3.232606,-0.0314631,-0.0091743,-0.016942,0.0027857,0.0111151,-0.0043049,0.0027857,-0.0225873,-0.362144,-0.0043812,0.0154214,0.0033855,-0.0109982,14.11084,0.0022793
2017,2,0.0203667,141091.2,144918,0.0006409,1366005,2.23E+08,97.3593,25152,0.0006409,0.0061353,0,1,0,0,1,0.0379192,31.92619,0.0178689,25834.2,78,2017q2,-3.893856,11.85716,11.88392,-7.352581,14.1274,19.2211,-7.352581,3.463427,-4.024696,10.15945,-5.093703,10.13269,-4.024696,-3.272296,-0.0725873,0.0195751,0.0185614,0.0020785,0.0097332,0.0232105,0.0020785,-0.0140638,0.2802382,0.0108232,-0.0134778,0.011838,-0.03969,14.12942,0.0185785
2017,3,0.0194333,147566.3,150756.9,0.0006418,1385452,2.33E+08,97.8836,25312,0.0006418,0.0059352,0,0,1,0,1,0.0370944,31.68717,0.0230571,25859.29,79,2017q3,-3.940766,11.90203,11.92342,-7.351202,14.14154,19.26839,-7.351202,3.455912,-3.769782,10.16043,-5.126855,10.13903,-3.769782,-3.294288,-0.0469098,0.0448713,0.0395002,0.0013785,0.0141363,0.0472889,0.0013785,-0.007515,0.2549138,0.0009708,-0.0331516,0.0063419,-0.021992,14.14083,0.0114145
2017,4,0.0205,145058.3,147294.8,0.0006423,1395882,2.30E+08,98.4816,25340,0.0006423,0.0060759,0,0,0,0,1,0.0379946,31.67181,0.0142181,25730.7,80,2017q4,-3.88733,11.88489,11.90019,-7.350516,14.14904,19.25246,-7.350516,3.455427,-4.253242,10.15544,-5.103419,10.14014,-4.253242,-3.270311,0.0534353,-0.0171423,-0.0232325,0.0006866,0.0074997,-0.0159359,0.0006866,-0.0004849,-0.4834599,-0.0049849,0.0234356,0.0011053,0.0239773,14.15079,0.0099564
2018,1,0.0199667,146889.5,148267,0.000638,1403140,2.26E+08,99.0709,25499,0.000638,0.0060912,1,0,0,0,1,0.0375015,31.63465,0.0113836,25738.13,81,2018q1,-3.913691,11.89744,11.90677,-7.35723,14.15422,19.23533,-7.35723,3.454253,-4.475584,10.15573,-5.100906,10.14639,-4.475584,-3.283374,-0.0263608,0.0125446,0.0065784,-0.0067143,0.005187,-0.0171223,-0.0067143,-0.0011737,-0.222342,0.000289,0.0025134,0.0062551,-0.013063,14.15585,0.0050611
2018,2,0.0203333,148426.7,149428.2,0.0006375,1417347,2.28E+08,99.3298,25677,0.0006375,0.0060594,0,1,0,0,1,0.0380373,31.6229,0.033476,25850.25,82,2018q2,-3.895494,11.90785,11.91457,-7.357887,14.1643,19.24448,-7.357887,3.453882,-3.396928,10.16008,-5.106144,10.15335,-3.396928,-3.269187,0.0181973,0.0104113,0.007802,-0.0006571,0.0100737,0.0091457,-0.0006571,-0.0003717,1.078656,0.0043459,-0.0052381,0.0069561,0.0141871,14.16403,0.0081787
2018,3,0.0202667,151843.2,152175.5,0.0006367,1429598,2.29E+08,99.7816,25742,0.0006367,0.0060404,0,0,1,0,1,0.0382627,31.54338,0.0363816,25798.34,83,2018q3,-3.898778,11.9306,11.93279,-7.359215,14.1729,19.25024,-7.359215,3.451364,-3.313691,10.15807,-5.109278,10.15588,-3.313691,-3.263279,-0.003284,0.0227575,0.018218,-0.001328,0.0086069,0.0057583,-0.001328,-0.0025177,0.0832367,-0.0020094,-0.0031343,0.0025282,0.0059078,14.17576,0.0117292
2018,4,0.0203,151481.2,151142.7,0.0006354,1442134,2.28E+08,100.224,25853,0.0006354,0.0060668,0,0,0,0,1,0.0382642,31.44972,0.0381302,25795.22,84,2018q4,-3.897134,11.92822,11.92598,-7.361218,14.18163,19.24565,-7.361218,3.44839,-3.266748,10.15794,-5.104932,10.16018,-3.266748,-3.26324,0.0016434,-0.002387,-0.0068102,-0.0020027,0.0087309,-0.0045891,-0.0020027,-0.0029736,0.0469427,-0.0001211,0.0043464,0.004303,0.0000391,14.17861,0.0028524